rk,team,str,ofs,dfs,sos
1,Panthers,0.40,0.12,-0.28,-0.02
2,Warriors,0.25,0.07,-0.18,-0.02
3,Roosters,0.24,0.11,-0.13,-0.01
4,Sharks,0.22,0.11,-0.11,-0.02
5,Dolphins,0.21,0.19,-0.02,-0.02
6,Storm,0.19,0.12,-0.08,0.01
7,Sea Eagles,0.07,0.03,-0.05,-0.01
8,Bulldogs,0.05,-0.08,-0.13,-0.02
9,Raiders,0.03,0.06,0.03,0.00
10,Broncos,-0.02,0.03,0.04,0.00
11,Rabbitohs,-0.05,0.00,0.05,0.02
12,Cowboys,-0.17,-0.02,0.15,0.00
13,Knights,-0.21,-0.13,0.09,0.01
14,Eels,-0.22,-0.09,0.13,0.02
15,Titans,-0.31,-0.10,0.22,0.01
16,Wests Tigers,-0.32,-0.17,0.16,-0.01
17,Dragons,-0.38,-0.19,0.19,0.02
