date,home,away,e_home,e_away,e_d
2026-08-21,Dolphins,Eels,32.53,18.97,13.561
2026-08-21,Raiders,Broncos,25.74,22.69,3.045
2026-08-22,Dragons,Bulldogs,17.34,23.10,-5.761
2026-08-22,Knights,Sea Eagles,19.46,22.76,-3.295
2026-08-22,Rabbitohs,Warriors,18.99,23.37,-4.384
2026-08-23,Roosters,Wests Tigers,31.61,15.74,15.874
2026-08-23,Titans,Sharks,18.86,29.79,-10.926
2026-08-27,Broncos,Storm,22.57,24.34,-1.767
2026-08-28,Panthers,Bulldogs,23.41,14.88,8.534
2026-08-28,Sea Eagles,Dragons,27.79,17.09,10.700
2026-08-29,Cowboys,Wests Tigers,27.35,21.24,6.104
2026-08-29,Roosters,Dolphins,26.54,22.35,4.191
2026-08-29,Titans,Rabbitohs,22.21,25.92,-3.712
2026-08-30,Eels,Sharks,18.56,27.76,-9.208
2026-08-30,Warriors,Knights,26.34,15.19,11.149
2026-09-03,Bulldogs,Broncos,22.06,19.41,2.648
2026-09-04,Rabbitohs,Roosters,20.07,25.27,-5.205
2026-09-04,Titans,Dolphins,21.20,31.74,-10.534
2026-09-05,Cowboys,Raiders,23.85,26.67,-2.813
2026-09-05,Sharks,Storm,24.82,20.93,3.893
2026-09-05,Warriors,Sea Eagles,23.64,17.53,6.111
2026-09-06,Dragons,Eels,22.55,22.59,-0.045
2026-09-06,Panthers,Wests Tigers,31.38,13.83,17.550
